Источник;Код;Замечание
база;BAH001;агент есть в базе, но не найден в файле
база;BAH002;агент есть в базе, но не найден в файле
база;BRD000;агент есть в базе, но не найден в файле
база;DMF001;агент есть в базе, но не найден в файле
база;DMF002;агент есть в базе, но не найден в файле
база;DMF003;агент есть в базе, но не найден в файле
база;FMKA0101;агент есть в базе, но не найден в файле
база;FMTOP1;агент есть в базе, но не найден в файле
база;FMTOP2;агент есть в базе, но не найден в файле
база;JD3007;агент есть в базе, но не найден в файле
база;JD30072;агент есть в базе, но не найден в файле
база;JDCS0101;агент есть в базе, но не найден в файле
база;JDKA0101;агент есть в базе, но не найден в файле
база;KA;агент есть в базе, но не найден в файле
база;KLEC0101;агент есть в базе, но не найден в файле
база;KLKA0101;агент есть в базе, но не найден в файле
база;MX1005;агент есть в базе, но не найден в файле
база;MX4002;агент есть в базе, но не найден в файле
база;MX5002;агент есть в базе, но не найден в файле
база;MXHR0101;агент есть в базе, но не найден в файле
база;MXS0103;агент есть в базе, но не найден в файле
база;NVKA0101;агент есть в базе, но не найден в файле
база;NVTOPKA;агент есть в базе, но не найден в файле
база;OR0120;агент есть в базе, но не найден в файле
база;OR0121;агент есть в базе, но не найден в файле
база;ORHR0101;агент есть в базе, но не найден в файле
база;ORKA0101;агент есть в базе, но не найден в файле
база;ORTP0103;агент есть в базе, но не найден в файле
база;OZODBEK;агент есть в базе, но не найден в файле
база;UL1111;агент есть в базе, но не найден в файле
база;ULKA0101;агент есть в базе, но не найден в файле
